city,special provider,provider type,name,specialties,address
城市,特定医院,医院性质,医疗机构,特色科室,地址
苏州,否,私立医疗机构,新宁融安诊所*,口腔科、全科、内科、儿科,口腔科、全科、内科、儿科
天津,否,公立医院,天津中医药大学第一附属医院南院区国医堂（原特需门诊）*,针炙,针炙
哈尔滨,否,公立医院,哈尔滨医科大学附属第一医院*,n/a,n/a
重庆,否,公立医院,重庆医科大学附属第一医院医保办*,神经内科、心血管内科、呼吸内科、内分泌科、普通外科、心胸外科、肿瘤综合科、耳鼻咽喉科、眼科,神经内科、心血管内科、呼吸内科、内分泌科、普通外科、心胸外科、肿瘤综合科、耳鼻咽喉科、眼科
重庆,否,公立医院,重庆医科大学附属第一医院金山医院*,妇科、产科,妇科、产科
北京,否,体检机构,美年大健康宣武门分院,体检中心,体检中心
北京,否,体检机构,北京美兆体检中心,体检中心,体检中心
北京,否,体检机构,美年大健康太阳宫分院,体检中心,体检中心
北京,否,私立医疗机构,北京美中宜和妇儿医院,妇产科、儿科,妇产科、儿科
北京,否,私立医疗机构,北京美中宜和亚运村院区,妇产科、儿科,妇产科、儿科
北京,否,公立医院,北京按摩医院特需部,中医治疗，中医理疗,中医治疗，中医理疗
北京,否,公立医院,北京空港医院*,内分泌科、眼科、泌尿科,内分泌科、眼科、泌尿科
北京,否,公立医院,中国人民解放军总医院第六医学中心特需部（原中国人民解放军海军总医院）*,耳鼻喉科、腰椎间盘疾病、结节病、视光学疾病、神经疾病、核医学科、骨科、呼吸内科、心血管内科、眼科,耳鼻喉科、腰椎间盘疾病、结节病、视光学疾病、神经疾病、核医学科、骨科、呼吸内科、心血管内科、眼科
北京,否,公立医院,北京大学第三医院会诊中心*,运动医学、骨科、消化科、呼吸科、眼科,运动医学、骨科、消化科、呼吸科、眼科
北京,否,公立医院,北京医院*,心血管内科、中医科、神经内科、呼吸科,心血管内科、中医科、神经内科、呼吸科
北京,否,公立医院,北京协和医院国际医疗部,耳鼻喉科、呼吸科、风湿科、妇产科、骨科、内分泌科、神经内科、消化科,耳鼻喉科、呼吸科、风湿科、妇产科、骨科、内分泌科、神经内科、消化科
北京,否,公立医院,首都医科大学附属北京天坛医院特需门诊*,神经内科、外科,神经内科、外科
北京,否,公立医院,北京中医药大学东直门医院国际医疗部,骨科、妇科、推拿、内分泌科、心血管内科,骨科、妇科、推拿、内分泌科、心血管内科
北京,否,公立医院,中国人民解放军总医院第七医学中心特需部（原中国人民解放军陆军总医院）*,创伤骨科、心血管内外科、神经内外科、眼科、内分泌 ,创伤骨科、心血管内外科、神经内外科、眼科、内分泌 
北京,否,公立医院,北京安贞医院特需部*, 心内科、心外科、妇产科 , 心内科、心外科、妇产科 
北京,否,公立医院,北京地坛医院VIP门诊*,肝病，传染病,肝病，传染病
北京,否,公立医院,中国中医科学院望京医院特需门诊,骨伤科、推拿科、针灸科、肾病科、风湿病科,骨伤科、推拿科、针灸科、肾病科、风湿病科
北京,否,公立医院,北京大学国际医院*,血液病、肿瘤中心、肾病中心、骨科部、运动医学中心、眼科、神经疾病,血液病、肿瘤中心、肾病中心、骨科部、运动医学中心、眼科、神经疾病
大连,否,公立医院,大连医科大学附属第二医院VIP门诊,器官移植、肿瘤科、心内科、心理科,器官移植、肿瘤科、心内科、心理科
大连,否,公立医院,大连医科大学附属第一医院国际医疗部（二部）,心内科、消化内科、神经内科、神经外科、骨科,心内科、消化内科、神经内科、神经外科、骨科
广州,否,公立医院,广东省人民医院协和特需病区,肝胆外科、心血管、肿瘤、风湿科,肝胆外科、心血管、肿瘤、风湿科
杭州,否,私立医疗机构,杭州美中宜和妇儿医院,妇产科、儿科,妇产科、儿科
杭州,否,公立医院,浙江省人民医院 VIP 医疗中心,心胸外科、普外科、微创外科,心胸外科、普外科、微创外科
南京,否,公立医院,南京市鼓楼医院*,骨科、消化内科、内分泌科、普外科、风湿科,骨科、消化内科、内分泌科、普外科、风湿科
上海,否,私立医疗机构,上海国际医学中心,骨科、泌尿外科、胸外科、消化内科、眼科,骨科、泌尿外科、胸外科、消化内科、眼科
上海,否,公立医院,龙华医院特需部*,中医外科、中医内科、中医骨伤科,中医外科、中医内科、中医骨伤科
上海,否,公立医院,上海市儿童医院普陀新院特诊部,心胸外科、神经内科,心胸外科、神经内科
上海,否,公立医院,仁济医院特需医疗中心*,消化科、风湿科、妇产科、泌尿科,消化科、风湿科、妇产科、泌尿科
上海,否,公立医院,华东医院特需部,泌尿外科、消化内镜、骨质疏松科、老年医学、妇科肿瘤,泌尿外科、消化内镜、骨质疏松科、老年医学、妇科肿瘤
上海,否,公立医院,上海市儿童医院特诊部,心胸外科、神经内科,心胸外科、神经内科
上海,否,公立医院,瑞金医院特需部,内分泌、血液科、消化科、肾内科、心血管病,内分泌、血液科、消化科、肾内科、心血管病
沈阳,否,公立医院,辽宁省金秋医院特诊部,心内科、神经内科 ,心内科、神经内科 
沈阳,否,公立医院,中国医科大学附属盛京医院涉外医疗服务中心,妇科、感染科、口腔科、普外科、小儿外科,妇科、感染科、口腔科、普外科、小儿外科
沈阳,否,公立医院,中国医科大学附属盛京医院特诊部,妇科、感染科、口腔科、普外科、小儿外科,妇科、感染科、口腔科、普外科、小儿外科
苏州,否,私立医疗机构,宁德诊所*,内科、儿科、门诊手术、疫苗接种 ,内科、儿科、门诊手术、疫苗接种 
苏州,否,私立医疗机构,新宁诊所*,内科、儿科、门诊手术、疫苗接种 ,内科、儿科、门诊手术、疫苗接种 
苏州,否,公立医院,苏州九龙医院 VIP/外宾门诊,骨科、神经内科、妇产科、体检 ,骨科、神经内科、妇产科、体检 
西安,否,公立医院,陕西省人民医院外宾医疗*,心血管内科、泌尿外科、骨科、消化科、神经内科、神经外科、儿科、老年科,心血管内科、泌尿外科、骨科、消化科、神经内科、神经外科、儿科、老年科
沈阳,否,公立医院,辽宁省人民医院*,"心血管内科、神经内科、神经外科、内分泌科（乳腺、甲状腺）、血管外科、妇产科、儿科、肾内科、Cardiovascular,","心血管内科、神经内科、神经外科、内分泌科（乳腺、甲状腺）、血管外科、妇产科、儿科、肾内科、Cardiovascular,"
北京,否,私立医疗机构,北京万柳美中宜和妇儿医院,妇产科、儿科,妇产科、儿科
北京,否,公立医院,北京大学第六医院特需部*,精神类疾病,精神类疾病
上海,否,公立医院,仁济医院国际部,消化科、风湿科、妇产科、泌尿科,消化科、风湿科、妇产科、泌尿科
上海,否,公立医院,上海市（复旦大学附属）公共卫生临床中心*,传染,传染
上海,否,公立医院,上海市（复旦大学附属）公共卫生临床中心*,传染,传染
北京,否,公立医院,北京市朝阳区和平医院,内科，外科,北京市朝阳区崔各庄马泉营南里来广营东路
上海,否,体检机构,上海瑞美医疗保健有限公司静安体检中心,体检中心,体检中心
北京,否,齿科诊所,北京瑞尔齿科-爱琴海诊所,齿科,齿科
上海,否,私立医疗机构,上海全景医学影像诊断中心有限公司,医学影像诊断,医学影像诊断
杭州,否,私立医疗机构,杭州英智康复医院,康复,康复
北京,否,私立医疗机构,北京京都儿童医院,儿内科、小儿血液肿瘤科、中医科、哮喘中西医结合科,儿内科、小儿血液肿瘤科、中医科、哮喘中西医结合科
上海,否,私立医疗机构,上海美华妇儿医院,妇产科、儿科,妇产科、儿科
广州,否,公立医院,中山大学孙逸仙纪念医院博济体检中心,体检,体检
深圳,否,私立医疗机构,深圳正安翡翠明珠中医诊所,中医,中医
成都,否,私立医疗机构,成都青羊正安中医诊所,中医,中医
北京,否,私立医疗机构,北大医疗健康管理中心（北京怡健殿诊所有限公司）,体检，中医,体检，中医
北京,否,体检机构,北京乐健体检中心,体检中心,体检中心
北京,否,体检机构,北京爱康君安体检部,体检中心,体检中心
北京,否,私立医疗机构,北京健宫医院特需医疗部,心内科、心外科、神经外科、胸外科、骨科,心内科、心外科、神经外科、胸外科、骨科
北京,否,私立医疗机构,北京新世纪国际儿童医院,小儿内科、小儿外科、泌尿科、神经科、五官科,小儿内科、小儿外科、泌尿科、神经科、五官科
北京,是,私立医疗机构,北京和睦家复兴门诊所,全科,全科
北京,否,私立医疗机构,北京杏园金方国医医院,糖尿病、肛肠科、针灸科、儿科,糖尿病、肛肠科、针灸科、儿科
北京,否,私立医疗机构,北京新世纪荣和儿科门诊部,儿科，全科，妇科，眼科，皮肤科,儿科，全科，妇科，眼科，皮肤科
北京,是,私立医疗机构,北京和睦家-顺义诊所,全科、儿科、心理咨询 ,全科、儿科、心理咨询 
北京,否,私立医疗机构,北京宝岛妇产医院,妇产科、儿科,妇产科、儿科
北京,否,私立医疗机构,北京德尔康尼骨科医院国际医疗部,运动康复、骨科、中医、口腔、全科,运动康复、骨科、中医、口腔、全科
北京,否,私立医疗机构,北京熙仁医院,眼科,眼科
北京,否,私立医疗机构,北京博爱堂名医馆-中关村,中医肿瘤、中医皮肤、中医内科、中医妇科,中医肿瘤、中医皮肤、中医内科、中医妇科
北京,是,私立医疗机构,北京和睦家五道口综合门诊部,全科、预防保健、妇科、儿科 ,全科、预防保健、妇科、儿科 
北京,否,私立医疗机构,北京新里程肿瘤医院,胸外科、外科、肿瘤内科、中医科 ,胸外科、外科、肿瘤内科、中医科 
北京,否,私立医疗机构,北京博爱堂名医馆-南站店,中医肿瘤、中医皮肤、中医内科、中医妇科,中医肿瘤、中医皮肤、中医内科、中医妇科
北京,否,私立医疗机构,北京港澳国际医务诊所,全科医疗、移民体检,全科医疗、移民体检
北京,否,私立医疗机构,北京固生堂中医医院,中医内科、中医妇科、中医儿科 ,中医内科、中医妇科、中医儿科 
北京,否,私立医疗机构,北京顾氏珺康诊所,内分泌、中医科、妇科、心内科、儿科、神经内科 ,内分泌、中医科、妇科、心内科、儿科、神经内科 
北京,否,私立医疗机构,北京惠民中医儿童医院,中医儿科 ,中医儿科 
北京,否,私立医疗机构,北京平心堂中医门诊部,中医内科、中医妇科、中医儿科 ,中医内科、中医妇科、中医儿科 
北京,否,私立医疗机构,北京新德恒门诊,妇产科、耳鼻喉、眼科、中医、心理咨询,妇产科、耳鼻喉、眼科、中医、心理咨询
北京,否,私立医疗机构,北京耀东门诊部,体检、眼科,体检、眼科
北京,否,私立医疗机构,北京炎黄中医医院,中医肿瘤、中医内科 ,中医肿瘤、中医内科 
北京,否,私立医疗机构,正安中医,中医内科、正骨、针灸 ,中医内科、正骨、针灸 
北京,否,私立医疗机构,北京天坛普华医院,骨科及创伤外科、足踝科、神经内外科、康复诊疗 ,骨科及创伤外科、足踝科、神经内外科、康复诊疗 
北京,否,私立医疗机构,首都医疗爱育华妇儿医院,妇产科、儿科,妇产科、儿科
北京,否,私立医疗机构,北京爱尔英智眼科医院,黄斑病变、糖尿病眼病、斜视利、弱视、儿童眼病 ,黄斑病变、糖尿病眼病、斜视利、弱视、儿童眼病 
北京,否,私立医疗机构,北京东区儿童医院,中医科、口腔科、肾内科、皮科、眼科,中医科、口腔科、肾内科、皮科、眼科
北京,否,私立医疗机构,北京二十一世纪医院,儿科、妇科、中医科、骨科、外科 ,儿科、妇科、中医科、骨科、外科 
北京,否,私立医疗机构,北京和美妇儿医院,妇产科、儿科,妇产科、儿科
北京,否,私立医疗机构,北京俪婴妇产医院,妇产科,妇产科
北京,否,私立医疗机构,北京玛丽妇婴医院,妇产科、儿科,妇产科、儿科
北京,否,私立医疗机构,北京麦瑞骨科医院,骨科,骨科
北京,否,私立医疗机构,北京五洲妇儿医院,妇科、产科、儿科、口腔科 ,妇科、产科、儿科、口腔科 
北京,否,私立医疗机构,北京新世纪妇儿医院,儿科、产科 ,儿科、产科 
北京,否,私立医疗机构,北京嫣然天使儿童医院,儿科、唇腭裂 ,儿科、唇腭裂 
北京,否,私立医疗机构,北京英智康复医院,康复,康复
北京,否,私立医疗机构,北京至微金诺医院,康复医学科、运动医学科、术后康复 ,康复医学科、运动医学科、术后康复 
北京,否,私立医疗机构,善方医院,全科、内科、外科、妇科、儿科、眼科、耳鼻喉科、皮肤科、中医科、康复科,全科、内科、外科、妇科、儿科、眼科、耳鼻喉科、皮肤科、中医科、康复科
北京,否,私立医疗机构,北京维特奥医院,体检、中医 ,体检、中医 
北京,否,私立医疗机构,北京爱康君安门诊部,心血管疾病、肿瘤检查、口腔,心血管疾病、肿瘤检查、口腔
北京,否,私立医疗机构,北京弘道运动医学诊所,康复、理疗 ,康复、理疗 
北京,否,私立医疗机构,北京量衡快线全科诊所,全科医疗,全科医疗
北京,否,私立医疗机构,北京帕森国际医疗中心,外科、妇科、眼科、耳鼻喉科、皮肤科,外科、妇科、眼科、耳鼻喉科、皮肤科
北京,否,私立医疗机构,北京平心堂金阳中医门诊部,中医内科、中医妇科、中医儿科 ,中医内科、中医妇科、中医儿科 
北京,否,私立医疗机构,北京领医小禾北苑妇儿门诊部,妇科、儿科 ,妇科、儿科 
北京,否,私立医疗机构,北京宜和诊所,内科、外科、妇科、儿科、口腔科、皮肤科、眼科、耳鼻喉科,内科、外科、妇科、儿科、口腔科、皮肤科、眼科、耳鼻喉科
北京,否,私立医疗机构,北京宜健三业医院,全科、心内科 ,全科、心内科 
北京,否,私立医疗机构,北京正安美仑中医诊所,中医内科、正骨、针灸,中医内科、正骨、针灸
北京,否,私立医疗机构,庇利积臣北京医疗中心,全科医疗、口腔护理、家庭保健,全科医疗、口腔护理、家庭保健
北京,否,私立医疗机构,泓华国际诊所-朝阳公园诊所,全科、中医,全科、中医
北京,否,私立医疗机构,景新中医门诊,中医肿瘤、中医皮肤、中医风湿、中医肾病、中医肝病 ,中医肿瘤、中医皮肤、中医风湿、中医肾病、中医肝病 
北京,否,私立医疗机构,维世达诊所,全科医疗、综合保健医疗 ,全科医疗、综合保健医疗 
北京,是,私立医疗机构,北京和睦家医院,儿科、心理咨询、妇产科、皮肤科、耳鼻喉科,儿科、心理咨询、妇产科、皮肤科、耳鼻喉科
北京,否,私立医疗机构,北京明德医院,家庭医疗,家庭医疗
北京,是,私立医疗机构,北京国际医疗中心,生殖系统疾病、牙科,生殖系统疾病、牙科
北京,是,私立医疗机构,北京和睦家-朝外诊所,全科、儿科、心理咨询 ,全科、儿科、心理咨询 
北京,是,私立医疗机构,北京和睦家广渠门诊所,全科、预防保健、心理科 ,全科、预防保健、心理科 
北京,是,私立医疗机构,北京和睦家建国门诊所,全科、齿科、理疗科、体检、儿科、妇产科、皮肤科、耳鼻喉科,全科、齿科、理疗科、体检、儿科、妇产科、皮肤科、耳鼻喉科
北京,是,私立医疗机构,北京和睦家亮马诊所,家庭医疗,家庭医疗
北京,是,私立医疗机构,北京和睦家启望中心,化疗,化疗
北京,否,私立医疗机构,北京领医小禾回龙观妇儿门诊部,妇科、儿科 ,妇科、儿科 
北京,否,公立医院,首都医科大学附属北京友谊医院国际医疗中心,消化科、泌尿科、中西医结合、体检,消化科、泌尿科、中西医结合、体检
北京,否,公立医院,中国中医科学院广安门医院国际医疗部,肿瘤、皮肤病、内分泌、肛肠疾病、泌尿疾病,肿瘤、皮肤病、内分泌、肛肠疾病、泌尿疾病
北京,否,公立医院,北京首都医科大学附属友谊医院医疗保健中心第三门诊部,消化科、泌尿科、中西医结合、体检  ,消化科、泌尿科、中西医结合、体检  
北京,否,公立医院,北京燕化医院国际医疗中心,肿瘤专科、骨科、心脏外科 ,肿瘤专科、骨科、心脏外科 
北京,否,公立医院,北京朝阳医院特需门诊,呼吸科、消化科、妇产科、 儿内科 ,呼吸科、消化科、妇产科、 儿内科 
北京,否,公立医院,中日友好医院国际医疗部,神经内科、风湿免疫科、内分泌科、肛肠科,神经内科、风湿免疫科、内分泌科、肛肠科
北京,否,齿科诊所,北京固瑞齿科-欧陆口腔诊所,齿科,齿科
北京,否,齿科诊所,北京瑞尔齿科-顺义荣和诊所,齿科,齿科
北京,否,齿科诊所,爱雅士口腔诊所-中关村门诊,齿科,齿科
北京,否,齿科诊所,北京固瑞齿科-远大口腔诊所,齿科,齿科
北京,否,齿科诊所,北京瑞尔齿科-翠微诊所,齿科,齿科
北京,否,齿科诊所,佳美口腔白石桥门诊,齿科,齿科
北京,否,齿科诊所,佳美口腔魏公村门诊,齿科,齿科
北京,否,齿科诊所,北京拜博拜尔口腔医院,齿科,齿科
北京,否,齿科诊所,北京瑞尔齿科-东方广场诊所,齿科,齿科
北京,否,齿科诊所,北京瑞尔齿科-方寸诊所,齿科,齿科
北京,否,齿科诊所,爱雅士口腔诊所-朝阳门门诊,齿科,齿科
北京,否,齿科诊所,爱雅士口腔诊所-国贸门诊,齿科,齿科
北京,否,齿科诊所,北京固瑞齿科-二十一世纪诊所,齿科,齿科
北京,否,齿科诊所,北京固瑞齿科-国贸口腔诊所,齿科,齿科
北京,否,齿科诊所,北京固瑞齿科-亚运村口腔诊所,齿科,齿科
北京,否,齿科诊所,北京科瓦嘉铭口腔门诊部,齿科,齿科
北京,否,齿科诊所,北京科瓦口腔门诊部,齿科,齿科
北京,否,齿科诊所,北京瑞尔齿科-世贸天阶诊所,齿科,齿科
北京,否,齿科诊所,北京瑞尔齿科-丰联诊所,齿科,齿科
北京,否,齿科诊所,北京瑞尔齿科-国际大厦诊所,齿科,齿科
北京,否,齿科诊所,北京瑞尔齿科-华贸诊所,齿科,齿科
北京,否,齿科诊所,北京瑞尔齿科-京汇诊所,齿科,齿科
北京,否,齿科诊所,北京瑞尔齿科-燕沙诊所,齿科,齿科
北京,否,齿科诊所,北京瑞尔齿科-颐堤港诊所,齿科,齿科
北京,否,齿科诊所,北京维健医疗中心,齿科,齿科
北京,否,齿科诊所,海龙达口腔诊所,齿科,齿科
北京,否,齿科诊所,佳美口腔大悦城门诊,齿科,齿科
北京,否,齿科诊所,佳美口腔国贸门诊（通惠河门诊）,齿科,齿科
北京,否,齿科诊所,佳美口腔三里屯门诊,齿科,齿科
北京,否,齿科诊所,佳美口腔望京南路门诊,齿科,齿科
北京,否,齿科诊所,佳美口腔亚运村门诊,齿科,齿科
北京,否,齿科诊所,瑞泰口腔医院,齿科,齿科
北京,否,齿科诊所,五月花口腔诊所,齿科,齿科
北京,否,齿科诊所,北京瑞尔齿科-金融街诊所,齿科,齿科
北京,否,齿科诊所,佳美口腔金融街门诊,齿科,齿科
北京,否,齿科诊所,佳美口腔月坛门诊,齿科,齿科
北京,否,齿科诊所,五月花口腔诊所,齿科,齿科
常熟,否,体检机构,美年大健康常熟分院,体检中心,体检中心
常州,否,公立医院,常州市口腔医院高级口腔专家诊疗中心,口腔科,口腔科
常州,否,公立医院,常州市第四人民医院国际医疗部,肿瘤科,肿瘤科
常州,否,公立医院,常州市中医医院国际医疗部,中医,中医
常州,否,公立医院,常州市第二人民医院 VIP/体检中心（暂停营业）,体检、内科,体检、内科
成都,否,体检机构,美年大健康武侯分院,体检中心,体检中心
成都,否,体检机构,美年大健康金牛分院,体检中心,体检中心
成都,否,体检机构,美年大健康星辉分院,体检中心,体检中心
成都,否,体检机构,美年大健康高新分院,体检中心,体检中心
成都,否,私立医疗机构,成都安琪儿妇产医院,妇产科,妇产科
成都,否,私立医疗机构,环球医生成都诊所,全科医疗、家庭医疗科、急救治疗 ,全科医疗、家庭医疗科、急救治疗 
成都,否,私立医疗机构,成都新世纪妇女儿童医院,小儿内科、小儿外科、五官科、妇产科、康复科 ,小儿内科、小儿外科、五官科、妇产科、康复科 
成都,否,公立医院,成都大邑县人民医院,糖尿病、风湿免疫科 ,糖尿病、风湿免疫科 
成都,否,齿科诊所,亚非牙科 - 大世界店,齿科,齿科
成都,否,齿科诊所,亚非牙科 - 双楠店,齿科,齿科
成都,否,齿科诊所,亚非牙科 - 过街楼店,齿科,齿科
成都,否,齿科诊所,亚非牙科 - 君悦店,齿科,齿科
成都,否,齿科诊所,亚非牙科 - 骡马市旗舰店,齿科,齿科
成都,否,齿科诊所,成都锦江拜尔口腔门诊部,齿科,齿科
成都,否,齿科诊所,亚非牙科 - 晶蓝店,齿科,齿科
大连,否,体检机构,美年大健康星海二分院,体检中心,体检中心
大连,否,体检机构,美年大健康第五郡分院,体检中心,体检中心
大连,否,私立医疗机构,大连维特奥南山路诊所/大连维特奥体检中心,内科、体检 ,内科、体检 
大连,否,私立医疗机构,大连维特奥人民路诊所,内科、体检 ,内科、体检 
大连,否,私立医疗机构,壹舟名仕国际诊疗中心,中医、理疗、口腔科，儿科（中医、西医、口腔）、皮肤科,中医、理疗、口腔科，儿科（中医、西医、口腔）、皮肤科
大连,否,私立医疗机构,大连西岗许日燮诊所,中西医结合 ,中西医结合 
大连,否,私立医疗机构,大连经济技术开发区许庆华诊所,中西医结合 ,中西医结合 
大连,否,公立医院,大连医科大学附属第一医院特需门诊（三部）,心内科、消化内科、神经内科、神经外科、骨科,心内科、消化内科、神经内科、神经外科、骨科
大连,否,齿科诊所,大连新华口腔诊所,齿科,齿科
东莞,否,体检机构,美年大健康东莞分院,体检中心,体检中心
东莞,否,私立医疗机构,环球医生东莞诊所,家庭医疗,家庭医疗
东莞,否,齿科诊所,东莞长安小天使口腔门诊部,齿科,齿科
东莞,否,齿科诊所,东莞南城拜尔口腔门诊部,齿科,齿科
东莞,否,齿科诊所,东莞东城天使口腔诊所,齿科,齿科
东营,否,体检机构,美年大健康东营分院,体检中心,体检中心
广州,否,体检机构,美年大健康天河东路分院,体检中心,体检中心
广州,否,体检机构,美年大健康珠江新城分院,体检中心,体检中心
广州,否,私立医疗机构,广州加美医疗中心,全科医疗、妇产科 ,全科医疗、妇产科 
广州,否,私立医疗机构,华南医疗门诊部,心内科、全科、神经内科、骨科 ,心内科、全科、神经内科、骨科 
广州,是,私立医疗机构,广州和睦家医院,家庭医疗、儿科 ,家庭医疗、儿科 
广州,否,私立医疗机构,贝利尔门诊,脊骨神经、妇产科、儿科、耳鼻喉科、眼科,脊骨神经、妇产科、儿科、耳鼻喉科、眼科
广州,否,私立医疗机构,广州威利斯国际医疗门诊部,妇科、口腔科、五官科、眼科 ,妇科、口腔科、五官科、眼科 
广州,否,私立医疗机构,广州正安中医馆,中医,中医
广州,否,私立医疗机构,康辰国际医疗中心,全科医疗、妇产科 ,全科医疗、妇产科 
广州,否,私立医疗机构,康瑞家医疗门诊部(环球医生广州诊所),全科医疗、家庭医疗科、急救治疗,全科医疗、家庭医疗科、急救治疗
广州,否,私立医疗机构,卓正医疗珠江新城医疗中心,儿科、皮肤科 ,儿科、皮肤科 
广州,否,公立医院,中山大学附属第六医院雅和病区,消化科、肛肠科、肝胆外科、心血管科 ,消化科、肛肠科、肝胆外科、心血管科 
广州,否,公立医院,祈福医院VIP贵宾中心,口腔科、肿瘤科、肾病、器官移植、针炙推拿,口腔科、肿瘤科、肾病、器官移植、针炙推拿
广州,否,公立医院,南方医院惠侨楼,肝胆外科、心血管、肾内科、神经外科、消化科,肝胆外科、心血管、肾内科、神经外科、消化科
广州,否,齿科诊所,广州拜博口腔-西塔门诊部,齿科,齿科
广州,否,齿科诊所,广州拜博口腔-维思顿门诊部,齿科,齿科
广州,否,齿科诊所,广州陆广洪口腔诊所（大都会国际牙科）,齿科,齿科
广州,否,齿科诊所,广州瑞尔诊所-高德诊所,齿科,齿科
广州,否,齿科诊所,广州心艺牙科诊所,齿科,齿科
贵阳,否,体检机构,美年大健康康颜分院,体检中心,体检中心
哈尔滨,否,体检机构,美年大健康南岗分院,体检中心,体检中心
哈尔滨,否,体检机构,美年大健康道外分院,体检中心,体检中心
哈密,否,体检机构,美年大健康哈密分院,体检中心,体检中心
杭州,否,体检机构,美年大健康延安路分院,体检中心,体检中心
杭州,否,体检机构,美年大健康滨江分院,体检中心,体检中心
杭州,否,私立医疗机构,杭州艾玛妇产医院,内科、妇科、产科、儿科、中医,内科、妇科、产科、儿科、中医
杭州,否,私立医疗机构,杭州加美医疗门诊部,全科、理疗 ,全科、理疗 
杭州,否,私立医疗机构,杭州美华妇儿医院,产科、妇科、儿科 ,产科、妇科、儿科 
杭州,否,公立医院,浙江医院外宾诊疗中心,老年医学、危重病医学、心内科,老年医学、危重病医学、心内科
杭州,否,公立医院,邵逸夫医院国际医疗中心,微创外科、心血管介入治疗,微创外科、心血管介入治疗
杭州,否,公立医院,浙江大学医学院附属第二医院国际医学部 (滨江院区),心内科、骨科、眼科、神经内科、神经外科、普外科、烧伤科、肿瘤科、皮肤科、呼吸内科,心内科、骨科、眼科、神经内科、神经外科、普外科、烧伤科、肿瘤科、皮肤科、呼吸内科
杭州,否,齿科诊所,杭州瑞尔齿科-欧美中心诊所,齿科,齿科
杭州,否,齿科诊所,艾维齿科,齿科,齿科
合肥,否,体检机构,美年大健康博瑞康分院,体检中心,体检中心
呼和浩特,否,体检机构,美年大健康呼和浩特分院,体检中心,体检中心
呼和浩特,否,齿科诊所,呼和浩特亚非牙科,齿科,齿科
吉林,否,体检机构,美年大健康丰满分院,体检中心,吉林市丰满区世纪广场博物馆旁
济南,否,体检机构,美年大健康明湖分院,体检中心,济南市天桥区明湖西路巴黎花园西邻
济南,否,公立医院,山东省千佛山医院国际医疗部,心脏病学、消化科、内分泌学、肾内学、神经内科 ,心脏病学、消化科、内分泌学、肾内学、神经内科 
济源,否,体检机构,美年大健康济源分院,体检中心,体检中心
锦州,否,体检机构,美年大健康锦州分院,体检中心,体检中心
昆明,否,体检机构,美年大健康昆明分院,体检中心,体检中心
昆明,否,私立医疗机构,昆明中英安琪儿妇产医院,妇产科,妇产科
昆明,否,私立医疗机构,云南瑞奇德医院,内科，牙科,内科，牙科
昆明,否,齿科诊所,昆明拜尔口腔度假区门诊部,齿科,齿科
昆明,否,齿科诊所,昆明拜尔口腔医院,齿科,齿科
昆明,否,齿科诊所,昆明拜尔口腔新迎门诊部,齿科,齿科
昆山,否,体检机构,美年大健康昆山分院,体检中心,体检中心
兰州,否,体检机构,美年大健康兰州七里河分院,体检中心,体检中心
临沂,否,体检机构,美年大健康临沂分院,体检中心,体检中心
洛阳,否,体检机构,美年大健康洛阳分院,体检中心,体检中心
洛阳,否,公立医院,河南科技大学附属第一医院新区医院,脑科中心、妇儿中心、微创外科中心、健康管理中心 ,脑科中心、妇儿中心、微创外科中心、健康管理中心 
洛阳,否,齿科诊所,洛阳六和口腔医院,齿科,齿科
南昌,否,体检机构,美年大健康京东分院,体检中心,体检中心
南昌,否,体检机构,美年大健康长庚分院,体检中心,体检中心
南京,否,体检机构,美年大健康张府园分院,体检中心,体检中心
南京,否,私立医疗机构,南京华世佳宝妇产医院,妇产科、儿科,妇产科、儿科
南京,否,私立医疗机构,环球医生南京诊所,全科医疗、家庭医疗科、急救治疗 ,全科医疗、家庭医疗科、急救治疗 
南京,否,公立医院,南京市第一医院社会服务部*,心内科、胸外科、内分泌科、泌尿外科,心内科、胸外科、内分泌科、泌尿外科
南宁,否,体检机构,美年大健康南宁分院,体检中心,体检中心
宁波,否,公立医院,宁波市第二医院病员服务中心,神经科、泌尿科、普外科、肝胆科、烧伤科,神经科、泌尿科、普外科、肝胆科、烧伤科
宁波,否,公立医院,宁波市第一医院国际医疗保健中心,血液科、心脏科、妇产科,血液科、心脏科、妇产科
宁波,否,公立医院,宁波开发区中心医院国际部,骨科、神经内科、心血管内科,骨科、神经内科、心血管内科
宁波,否,齿科诊所,宁波江北拜尔口腔医院,齿科,齿科
濮阳,否,体检机构,美年大健康濮阳分院,体检中心,体检中心
青岛,否,体检机构,美年大健康市南分院,体检中心,体检中心
青岛,否,私立医疗机构,青岛妇婴医院,妇科、产科、儿科 ,妇科、产科、儿科 
青岛,否,私立医疗机构,贝利尔医疗中心,疼痛专科、脊柱神经专科、康复理疗、深层软组织治疗、针灸,疼痛专科、脊柱神经专科、康复理疗、深层软组织治疗、针灸
青岛,否,私立医疗机构,黄岛杨彩玲内科诊所,呼吸内科、消化内科、神经内科、心血管内科,呼吸内科、消化内科、神经内科、心血管内科
青岛,否,公立医院,青岛市立医院东院区 - 国际医疗门诊,心内科、神经内科、消化系统疾病,心内科、神经内科、消化系统疾病
青岛,否,公立医院,湛山国际医疗中心,骨科康复中心、中医保健、妇产科、儿科,骨科康复中心、中医保健、妇产科、儿科
青岛,否,公立医院,青岛大学附属医院国际部,妇科、儿科、眼科、耳鼻喉科、皮肤科,妇科、儿科、眼科、耳鼻喉科、皮肤科
青岛,否,公立医院,青岛市中心医院国际医疗中心,肿瘤、骨科,肿瘤、骨科
青岛,否,齿科诊所,青岛真予齿科,齿科,齿科
厦门,否,私立医疗机构,厦门思明高扬来福西医内科诊所,全科医疗、小儿科 ,全科医疗、小儿科 
厦门,否,公立医院,厦门市妇幼保健院特需医疗服务区,妇产科,妇产科
厦门,否,齿科诊所,厦门瑞尔齿科-厦门国际银行大厦诊所,齿科,齿科
上海,否,体检机构,上海美兆健康体检中心,体检中心,体检中心
上海,否,体检机构,美年大健康苏河一号分院,体检中心,体检中心
上海,否,体检机构,美年大健康杨浦分院,体检中心,体检中心
上海,否,体检机构,美年大健康小木桥总院,体检中心,体检中心
上海,否,体检机构,美年大健康陆家嘴长航分院,体检中心,体检中心
上海,否,体检机构,美年大健康浦东东方路分院,体检中心,体检中心
上海,否,体检机构,美年大健康静安分院,体检中心,体检中心
上海,否,体检机构,上海景康门诊部,体检中心,体检中心
上海,否,体检机构,美年大健康黄浦分院,体检中心,体检中心
上海,否,私立医疗机构,爱尔眼科集团上海国际患者服务部,青光眼专科、白内障专科、角膜病专科,青光眼专科、白内障专科、角膜病专科
上海,否,私立医疗机构,上海德西门诊部,心脏疾病、全科、妇科、儿科 ,心脏疾病、全科、妇科、儿科 
上海,否,私立医疗机构,上海和德门诊部,全科、妇科、儿科、齿科 ,全科、妇科、儿科、齿科 
上海,否,私立医疗机构,上海康汇门诊部,皮肤科、内科、外科、儿科、五官科、心内科 ,皮肤科、内科、外科、儿科、五官科、心内科 
上海,否,私立医疗机构,上海申德医院（暂停营业）,妇科、皮肤科、儿科、内科、中医科,妇科、皮肤科、儿科、内科、中医科
上海,否,私立医疗机构,上海藤和门诊部,内科、小儿科、外科、骨科、眼科、耳鼻科、妇科、中医科、牙科、康复诊疗科,内科、小儿科、外科、骨科、眼科、耳鼻科、妇科、中医科、牙科、康复诊疗科
上海,否,私立医疗机构,上海樱华门诊部,内科、妇产科、儿科、中医 ,内科、妇产科、儿科、中医 
上海,否,私立医疗机构,上海樱园门诊,内科、妇产科、儿科、中医 ,内科、妇产科、儿科、中医 
上海,否,私立医疗机构,唯儿诺-上海古北门诊部,儿科、儿童体检、疫苗，中医,儿科、儿童体检、疫苗，中医
上海,是,私立医疗机构,上海和睦家医院, 全科、内科、 外科、儿科、妇产科, 全科、内科、 外科、儿科、妇产科
上海,是,私立医疗机构,上海天坛普华医院,脑血管病、颅内肿瘤、颅脑外伤、小儿神经系统疾病、脊髓损伤,脑血管病、颅内肿瘤、颅脑外伤、小儿神经系统疾病、脊髓损伤
上海,是,私立医疗机构,上海百汇馨康门诊部,全科，儿科，康复科，妇科，眼科，皮肤科，中医，运动医学科/骨科,全科，儿科，康复科，妇科，眼科，皮肤科，中医，运动医学科/骨科
上海,否,私立医疗机构,美华妇儿服务,产科、四维B超 ,产科、四维B超 
上海,否,私立医疗机构,上海博爱医院-国际门诊部,内科、外科 ,内科、外科 
上海,否,私立医疗机构,上海禾新医院（原上海辰新医院）,全科医疗、家庭医疗、儿科、妇产科,全科医疗、家庭医疗、儿科、妇产科
上海,否,私立医疗机构,上海禾新医院国际部,"全科医疗、家庭医疗、儿科、妇产科 General Medicine, Family Medicine,","全科医疗、家庭医疗、儿科、妇产科 General Medicine, Family Medicine,"
上海,否,私立医疗机构,上海仁爱医院国际医疗中心,骨科、妇科、胆结石、微创,骨科、妇科、胆结石、微创
上海,否,私立医疗机构,上海远大心胸医院 国际部,心血管内科、成人心脏外科、小儿心脏中心、腔镜心脏中心、胸科,心血管内科、成人心脏外科、小儿心脏中心、腔镜心脏中心、胸科
上海,否,私立医疗机构,鼎瀚中医,内科、妇科、皮肤科、骨科及创伤科,内科、妇科、皮肤科、骨科及创伤科
上海,否,私立医疗机构,上海宏恩眼科门诊部,眼科,眼科
上海,否,私立医疗机构,上海莱佛士医疗中心 (上海瑞和门诊部),家庭医疗,家庭医疗
上海,否,私立医疗机构,上海圣蕊慈门诊部（暂停营业）,全科、心脏内科、皮肤科、耳鼻喉科、内分泌科,全科、心脏内科、皮肤科、耳鼻喉科、内分泌科
上海,否,私立医疗机构,上海怡东门诊部,家庭医生和内科、体检、儿科、基础眼科,家庭医生和内科、体检、儿科、基础眼科
上海,否,私立医疗机构,上海永惠华门诊部,泌尿科、妇科、中医科、皮肤科、康复科,泌尿科、妇科、中医科、皮肤科、康复科
上海,否,私立医疗机构,上海臻视眼科门诊部,眼科、激光治疗、老花眼、白内障、视网膜疾病 ,眼科、激光治疗、老花眼、白内障、视网膜疾病 
上海,否,私立医疗机构,圣恩儿童医疗中心,儿童常见病门诊、儿童保健指导与咨询、哮喘,儿童常见病门诊、儿童保健指导与咨询、哮喘
上海,否,私立医疗机构,上海开元骨科医院,骨科、康复、普外科、内科,骨科、康复、普外科、内科
上海,否,私立医疗机构,上海瑞东医院,消化病内镜治疗中心、体检 ,消化病内镜治疗中心、体检 
上海,否,私立医疗机构,上海德视佳眼科门诊,眼科、激光治疗、老花眼、白内障、视网膜疾病,眼科、激光治疗、老花眼、白内障、视网膜疾病
上海,否,私立医疗机构,上海东和邦道门诊部,内科、外科、耳鼻科、妇科、中医科、牙科、康复诊疗科、儿科,内科、外科、耳鼻科、妇科、中医科、牙科、康复诊疗科、儿科
上海,否,私立医疗机构,上海全康医疗-浦东诊所,医疗保健、内科 ,医疗保健、内科 
上海,否,私立医疗机构,上海睿宝儿科门诊部,儿科、中医,儿科、中医
上海,否,私立医疗机构,上海身浦佳中医门诊部,妇科、针灸、推拿、理疗、心理治疗,妇科、针灸、推拿、理疗、心理治疗
上海,否,私立医疗机构,上海威瑞门诊部（暂停营业）,家庭医疗,家庭医疗
上海,否,私立医疗机构,上海沃德医疗中心,妇产科、儿科、内科、外科 ,妇产科、儿科、内科、外科 
上海,否,私立医疗机构,圣欣儿童医疗中心,儿童常见病门诊、儿童保健指导与咨询、哮喘,儿童常见病门诊、儿童保健指导与咨询、哮喘
上海,是,私立医疗机构,上海东方联合医院,家庭全科、儿科、妇产科、脊椎神经治疗科,家庭全科、儿科、妇产科、脊椎神经治疗科
上海,是,私立医疗机构,上海汇星金浦门诊部,妇产科、儿科、心血管科、物理治疗、心理咨询,妇产科、儿科、心血管科、物理治疗、心理咨询
上海,是,私立医疗机构,上海瑞浦门诊部,妇产科、儿科、五官科、消化科、心理咨询,妇产科、儿科、五官科、消化科、心理咨询
上海,是,私立医疗机构,美国医学中心（良远健康门诊部）,运动医学、康复医学、微创手术、预防医学,运动医学、康复医学、微创手术、预防医学
上海,否,私立医疗机构,上海身闵佳门诊部,妇科、针灸、推拿、理疗、心理治疗,妇科、针灸、推拿、理疗、心理治疗
上海,否,私立医疗机构,圣安儿童医疗中心,儿童常见病门诊、儿童保健指导与咨询、哮喘,儿童常见病门诊、儿童保健指导与咨询、哮喘
上海,是,私立医疗机构,和睦家丰尚诊所,全科、心理咨询 ,全科、心理咨询 
上海,否,私立医疗机构,上海百诺门诊部,妇科、康复、皮肤科、儿科 、五官科、中医,妇科、康复、皮肤科、儿科 、五官科、中医
上海,否,私立医疗机构,上海全康医疗浦西诊所,医疗保健、内科 ,医疗保健、内科 
上海,否,私立医疗机构,上海身心佳中医门诊部,针灸、理疗 ,针灸、理疗 
上海,否,私立医疗机构,上海新视界中兴眼科医院VIP,眼科、激光治疗、老花眼、白内障、视网膜疾病,眼科、激光治疗、老花眼、白内障、视网膜疾病
上海,是,私立医疗机构,上海百汇华鹰门诊部,妇产科、消化内科、心血管科、眼科、五官科,妇产科、消化内科、心血管科、眼科、五官科
上海,是,私立医疗机构,上海瑞新医疗中心,内科、儿科、牙科、出国体检,内科、儿科、牙科、出国体检
上海,否,私立医疗机构,曜影医疗-上海商城门诊部,全科、内科，心内科、运动医学、物理治疗、神经内科,全科、内科，心内科、运动医学、物理治疗、神经内科
上海,否,私立医疗机构,上海瑞金广慈门诊部,内科、内分泌科 ,内科、内分泌科 
上海,否,私立医疗机构,瑞视眼科-国际患者服务部,眼科,眼科
上海,否,私立医疗机构,上海身心佳中医门诊部,妇科、针灸、推拿、理疗、心理治疗,妇科、针灸、推拿、理疗、心理治疗
上海,否,私立医疗机构,上海信华堂门诊部（暂停营业）,妇科、儿科、骨科、眼科、中医科 ,妇科、儿科、骨科、眼科、中医科 
上海,是,私立医疗机构,上海新瑞医疗中心,妇产科、儿科、五官科、心血管科、物理治疗,妇产科、儿科、五官科、心血管科、物理治疗
上海,否,公立医院,上海市同仁医院特诊部,骨科、心血管、肾脏科 ,骨科、心血管、肾脏科 
上海,否,公立医院,华山医院国际医疗中心,皮肤科、神经科、肾内科、康复医学科、骨科,皮肤科、神经科、肾内科、康复医学科、骨科
上海,否,公立医院,上海第六人民医院国际医疗中心,骨科、内分泌代谢科、耳鼻喉科,骨科、内分泌代谢科、耳鼻喉科
上海,否,公立医院,上海逸仙医院 (中山医院外宾部),呼吸科、普外科、心外科、胸外科,呼吸科、普外科、心外科、胸外科
上海,否,公立医院,中国福利会国际和平妇幼保健院VIP贵宾部,产科、产前检查、新生儿急救中心 ,产科、产前检查、新生儿急救中心 
上海,否,公立医院,上海市第一人民医院松江南院国际医疗保健中心,眼科、泌尿外科微创中心、健康体检,眼科、泌尿外科微创中心、健康体检
上海,否,公立医院,上海市同济医院特需部,神经内科、消化内科、肾病内科、普通外科,神经内科、消化内科、肾病内科、普通外科
上海,否,公立医院,上海东方医院特诊部,骨科、心血管病、口腔种植,骨科、心血管病、口腔种植
上海,否,公立医院,上海儿童医学中心特诊部,心血管、心胸外科、儿童保健、心理门诊,心血管、心胸外科、儿童保健、心理门诊
上海,否,公立医院,上海浦东医院特需门诊部,骨科、糖尿病外科、血管外科、妇产科 ,骨科、糖尿病外科、血管外科、妇产科 
上海,否,公立医院,上海浦南医院国际医疗部,神经外科、睡眠呼吸暂停综合征、精神科、眼科 ,神经外科、睡眠呼吸暂停综合征、精神科、眼科 
上海,否,公立医院,上海市第七人民医院VIP门诊部,肾内科、内分泌、皮肤科、老年医学科,肾内科、内分泌、皮肤科、老年医学科
上海,否,公立医院,曙光医院（浦东新院特需门诊）,中西医结合、骨科、肛肠科、肝炎科,中西医结合、骨科、肛肠科、肝炎科
上海,否,公立医院,上海东方医院南院特诊部,中医科、心胸科、心理咨询 ,中医科、心胸科、心理咨询 
上海,否,公立医院,复旦大学附属儿科医院第一诊疗部（特需医疗中心）,神经内科、肾脏内科、血液肿瘤中心、心血管中心 ,神经内科、肾脏内科、血液肿瘤中心、心血管中心 
上海,否,公立医院,上海市闵行区中医医院特诊部/韩籍门诊,全科、妇科、五官科、中医科  ,全科、妇科、五官科、中医科  
上海,否,公立医院,曙光医院名医馆*,中医肝病、中医肾病、中医骨伤科 ,中医肝病、中医肾病、中医骨伤科 
上海,否,公立医院,上海市第一人民医院国际医疗保健中心,眼科、泌尿外科微创中心、健康体检、耳鼻喉科,眼科、泌尿外科微创中心、健康体检、耳鼻喉科
上海,否,齿科诊所,国维牙医蓝盾口腔门诊,齿科,齿科
上海,否,齿科诊所,纽约齿科,齿科,齿科
上海,否,齿科诊所,上海拜尔口腔-长宁龙之梦诊所,齿科,齿科
上海,否,齿科诊所,上海德信会口腔诊所（高岛屋店）,齿科,齿科
上海,否,齿科诊所,上海德真会口腔诊所（虹桥店）,齿科,齿科
上海,否,齿科诊所,上海康怡口腔门诊部,齿科,齿科
上海,否,齿科诊所,上海瑞尔齿科-虹桥诊所,齿科,齿科
上海,否,齿科诊所,国维牙医蓝华口腔门诊,齿科,齿科
上海,否,齿科诊所,嘉贝尔口腔中心,齿科,齿科
上海,否,齿科诊所,上海瑞尔齿科-长风诊所,齿科,齿科
上海,否,齿科诊所,国维牙医蓝博口腔门诊,齿科,齿科
上海,否,齿科诊所,科瓦齿科,齿科,齿科
上海,否,齿科诊所,上海拜尔口腔-浦东花木门诊部,齿科,齿科
上海,否,齿科诊所,上海拜尔口腔-浦东联洋门诊部,齿科,齿科
上海,否,齿科诊所,上海德清会口腔诊所（金桥店）,齿科,齿科
上海,否,齿科诊所,上海德申会口腔诊所（联洋店）,齿科,齿科
上海,否,齿科诊所,上海蓝馨口腔门诊部,齿科,齿科
上海,否,齿科诊所,上海瑞尔齿科-宏嘉诊所,齿科,齿科
上海,否,齿科诊所,上海瑞尔齿科--时代诊所,齿科,齿科
上海,否,齿科诊所,上海瑞尔齿科-正大诊所,齿科,齿科
上海,否,齿科诊所,上海永典口腔门诊部,齿科,齿科
上海,否,齿科诊所,上海百年茂口腔门诊部,齿科,齿科
上海,否,齿科诊所,上海德诚会口腔诊所（静安店）,齿科,齿科
上海,否,齿科诊所,上海君笑口腔门诊部,齿科,齿科
上海,否,齿科诊所,上海瑞尔齿科-静安公园诊所,齿科,齿科
上海,否,齿科诊所,Malo口腔门诊,齿科,齿科
上海,否,齿科诊所,上海拜尔口腔-东方天地旗舰门诊部,齿科,齿科
上海,否,齿科诊所,上海格维口腔诊所（格维店）,齿科,齿科
上海,否,齿科诊所,上海丽洁口腔门诊部有限公司,齿科,齿科
上海,否,齿科诊所,上海瑞德口腔门诊部（暂停营业）,齿科,齿科
上海,否,齿科诊所,上海瑞尔齿科-恒基名人诊所,齿科,齿科
上海,否,齿科诊所,上海瑞尔齿科--新天地诊所,齿科,齿科
深圳,否,体检机构,美年大健康南山科技园南区分院,体检中心,体检中心
深圳,否,体检机构,美年大健康南山科技园中区分院,体检中心,体检中心
深圳,否,体检机构,美年大健康南山蛇口分院,体检中心,体检中心
深圳,否,私立医疗机构,深圳和美妇儿医院,妇产科、儿科,妇产科、儿科
深圳,否,私立医疗机构,深圳美中宜和妇儿医院,妇产科、儿科,妇产科、儿科
深圳,否,私立医疗机构,深圳加美医疗中心,全科医疗、小儿科、妇产科 ,全科医疗、小儿科、妇产科 
深圳,否,私立医疗机构,深圳普济外宾门诊部（暂停营业）,体检、妇科、中医、五官科 ,体检、妇科、中医、五官科 
深圳,否,私立医疗机构,深圳仁济中西医结合医院,体检服务,体检服务
深圳,否,私立医疗机构,深圳维世达胜凯国际医疗中心,全科、妇科、儿科、牙科、运动医学,全科、妇科、儿科、牙科、运动医学
深圳,否,私立医疗机构,卓正医疗海岸城医疗中心,儿科,儿科
深圳,否,私立医疗机构,卓正医疗蛇口专科中心,眼科、呼吸睡眠专科、皮肤科 ,眼科、呼吸睡眠专科、皮肤科 
深圳,否,私立医疗机构,深圳远东妇儿科医院国际健康服务中心,儿科、妇科、产科 ,儿科、妇科、产科 
深圳,否,私立医疗机构,深圳正安中医馆,中医,中医
深圳,否,私立医疗机构,志浩综合门诊部,全科、内科、外科、儿科、妇科 ,全科、内科、外科、儿科、妇科 
深圳,否,私立医疗机构,卓正医疗会展中心诊所,全科、内科、妇产科、儿科 ,全科、内科、妇产科、儿科 
深圳,否,公立医院,北京大学深圳医院特诊部,妇科、眼科、耳鼻喉科、皮肤科 ,妇科、眼科、耳鼻喉科、皮肤科 
深圳,否,公立医院,深圳市第二人民医院特诊科,骨科、神经外科、泌尿外科、耳鼻喉科、肾内科,骨科、神经外科、泌尿外科、耳鼻喉科、肾内科
深圳,否,公立医院,香港大学深圳医院国际医疗中心,妇产科、儿科、骨科、眼科 ,妇产科、儿科、骨科、眼科 
深圳,否,齿科诊所,深圳瑞尔诊所-恒裕中心诊所,齿科,齿科
深圳,否,齿科诊所,深圳瑞尔诊所-欢乐海岸诊所,齿科,齿科
深圳,否,齿科诊所,深圳瑞尔诊所-地王诊所,齿科,齿科
深圳,否,齿科诊所,深圳拜博华强北口腔门诊部（即华强北店）,齿科,齿科
深圳,否,齿科诊所,深圳瑞尔诊所-东海诊所,齿科,齿科
深圳,否,齿科诊所,深圳瑞尔诊所-诺德诊所,齿科,齿科
沈阳,否,体检机构,美年大健康沈河分院（无VIP体检区）,体检中心,体检中心
沈阳,否,体检机构,美年大健康和平分院 (VIP检区),体检中心,体检中心
沈阳,否,私立医疗机构,沈阳美德因妇儿医院,妇产科、儿科,妇产科、儿科
沈阳,否,齿科诊所,沈阳大东拜博口腔门诊部,齿科,齿科
沈阳,否,齿科诊所,沈阳和平拜博口腔门诊部,齿科,齿科
沈阳,否,齿科诊所,沈阳铁西拜博口腔门诊部,齿科,齿科
石家庄,否,体检机构,美年大健康桥西分院,体检中心,体检中心
苏州,否,体检机构,美年大健康相城分院,体检中心,体检中心
苏州,否,体检机构,美年大健康东环分院,体检中心,体检中心
苏州,是,私立医疗机构,园汇诊所,全科、牙科、心理咨询、行为健康 ,全科、牙科、心理咨询、行为健康 
苏州,否,私立医疗机构,苏州明基医院国际医疗中心,全科、齿科、康复科、外科、体检 ,全科、齿科、康复科、外科、体检 
苏州,否,公立医院,苏州大学附属第二医院高级门诊中心,骨科、神经内科、妇产科、体检,骨科、神经内科、妇产科、体检
苏州,否,齿科诊所,苏州德真会口腔诊所（苏州园区）,齿科,齿科
苏州,否,齿科诊所,苏州舒迪凯口腔诊所,齿科,齿科
苏州,否,齿科诊所,苏州德盛会口腔诊所（苏州新区）,齿科,齿科
台州,否,齿科诊所,台州亚非牙科,齿科,齿科
太原,否,体检机构,美年大健康长风分院,体检中心,体检中心
唐山,否,体检机构,美年大健康唐山分院,体检中心,体检中心
天津,否,体检机构,美年大健康滨海分院,体检中心,体检中心
天津,否,体检机构,美年大健康八里台分院,体检中心,体检中心
天津,否,体检机构,美年大健康大光明桥分院,体检中心,体检中心
天津,否,体检机构,爱康国宾天津南京路吉利大厦VIP分院,体检中心,体检中心
天津,否,私立医疗机构,天津泰达普华医院,心血管疾病,心血管疾病
天津,否,私立医疗机构,天津华卫门诊部,全科医生,天津市泰达开发区第二大街展望路加孚园一层
天津,否,私立医疗机构,天津美津宜和妇儿医院,妇产科、儿科,妇产科、儿科
天津,否,私立医疗机构,天津南开德济门诊部（暂停营业）,全科、牙科、中医科 ,全科、牙科、中医科 
天津,否,私立医疗机构,天津市南开区硕博门诊部,内科、中医科、妇科、皮肤科,内科、中医科、妇科、皮肤科
天津,否,私立医疗机构,翰尔希河西门诊部,全科,全科
天津,是,私立医疗机构,天津和睦家医院,全科医疗、家庭医疗科 ,全科医疗、家庭医疗科 
天津,否,私立医疗机构,天津和平新世纪妇儿医院,小儿内科、小儿外科、泌尿科、神经科、五官科,小儿内科、小儿外科、泌尿科、神经科、五官科
天津,否,公立医院,天津泰达医院国际诊疗中心,西医康复科、心理科、创伤骨科、心血管内外科、神经内外科、儿科,西医康复科、心理科、创伤骨科、心血管内外科、神经内外科、儿科
天津,否,公立医院,天津第一中心医院国际诊疗中心,内科、外科、儿内科、妇产科 ,内科、外科、儿内科、妇产科 
天津,否,公立医院,天津医科大学总医院国际诊疗中心, 内科、外科、儿内科、妇科、体检, 内科、外科、儿内科、妇科、体检
天津,否,齿科诊所,天津河西瑞家口腔门诊部,齿科,齿科
天津,否,齿科诊所,天津瑞尔齿科-天津国际大厦诊所,齿科,齿科
温州,否,公立医院,温州医科大学附属第二医院&育英儿童医院,骨科、儿科、心血管内科、神经内科、妇产科,骨科、儿科、心血管内科、神经内科、妇产科
乌鲁木齐,否,体检机构,美年大健康乌鲁木齐分院,体检中心,体检中心
乌鲁木齐,否,私立医疗机构,新疆佳音医院国际部,全科、,全科、
无锡,否,体检机构,美年大健康建筑分院,体检中心,体检中心
无锡,否,私立医疗机构,无锡市锡山友谊门诊部,内科、儿科、中医、妇科、医学检验科,内科、儿科、中医、妇科、医学检验科
无锡,是,私立医疗机构,无锡和睦家医疗保健中心,全科医疗,全科医疗
无锡,否,公立医院,无锡市第二人民医院普仁国际医疗保健中心,皮肤科、脑外科、神经外科、眼科,皮肤科、脑外科、神经外科、眼科
无锡,否,齿科诊所,无锡德真会口腔诊所,齿科,齿科
武汉,否,体检机构,美年大健康武昌分院,体检中心,体检中心
武汉,否,体检机构,美年大健康汉口分院,体检中心,体检中心
武汉,否,体检机构,美年大健康汉阳分院,体检中心,体检中心
武汉,否,私立医疗机构,环球医生武汉诊所（暂停营业）,家庭医疗,家庭医疗
武汉,否,私立医疗机构,武汉光谷医院,内科、外科、妇科、口腔科 ,内科、外科、妇科、口腔科 
武汉,否,公立医院,武汉大学中南医院VIP门诊,心血管疾病、急救中心,心血管疾病、急救中心
武汉,否,公立医院,武汉同济医院综合医疗楼,呼吸科、普外、妇产科、泌尿外科,呼吸科、普外、妇产科、泌尿外科
西安,否,体检机构,西安普惠健康体检中心,体检中心,体检中心
西安,否,体检机构,美年大健康德立普分院,体检中心,体检中心
西安,否,体检机构,美年大健康建国分院,体检中心,体检中心
西安,否,体检机构,美年大健康南门分院,体检中心,体检中心
西安,否,私立医疗机构,西安俪人医院,全科,全科
西安,否,私立医疗机构,西安安琪儿妇产医院,妇产科、儿科,西安市高新区团结南路北段
西安,否,公立医院,西安高新医院国际部门诊,妇产科、儿科、神经内科 ,妇产科、儿科、神经内科 
西安,否,齿科诊所,西安莲湖海风诊所,齿科,齿科
西安,否,齿科诊所,西安莲湖嘉美口腔诊所,齿科,齿科
新乡,否,体检机构,美年大健康新乡分院,体检中心,体检中心
延边,否,体检机构,美年大健康白山分院,体检中心,体检中心
长春,否,体检机构,美年大健康南关分院,体检中心,体检中心
长春,否,体检机构,爱康国宾长春亚泰鸿城西域体检分院,体检中心,体检中心
长春,否,体检机构,美年大健康建设路分院,体检中心,体检中心
长春,否,私立医疗机构,吉林心脏病医院,心血管疾病,心血管疾病
长春,否,齿科诊所,吉林百合口腔医院,齿科,齿科
长沙,否,体检机构,美年大健康天心分院,体检中心,体检中心
长沙,否,体检机构,美年大健康芙蓉分院,体检中心,体检中心
长沙,否,私立医疗机构,湖南旺旺医院国际医疗部,神经内外科、普外科、妇产科、儿科,神经内外科、普外科、妇产科、儿科
长沙,否,公立医院,中南大学湘雅医院国际医疗部,神经科、内分泌科、心胸外科 ,神经科、内分泌科、心胸外科 
郑州,否,体检机构,美年大健康金水分院,体检中心,体检中心
郑州,否,体检机构,美年大健康中州分院,体检中心,体检中心
郑州,否,齿科诊所,惠济拜尔澳华口腔门诊部,齿科,齿科
重庆,否,体检机构,美年大健康江北分院,体检中心,体检中心
重庆,否,私立医疗机构,环球医生重庆诊所,全科医疗、家庭医疗科、急救治疗 ,全科医疗、家庭医疗科、急救治疗 
重庆,否,公立医院,中国人民解放军第三军医大学第三附属医院（重庆大坪医院）特需部,心血管内科、老年科、消化科、呼吸科、神经内科 ,心血管内科、老年科、消化科、呼吸科、神经内科 
重庆,否,齿科诊所,永川拜博口腔医院,齿科,齿科
重庆,否,齿科诊所,江北口腔门诊部,齿科,重庆市江北区观音桥朗晴广场二楼
珠海,否,公立医院,珠海市中山大学附属第五医院干保科,心内科、泌尿外科、骨科 ,心内科、泌尿外科、骨科 
珠海,否,齿科诊所,珠海六和口腔医院,齿科,齿科
珠海,否,齿科诊所,珠海六和门诊部,齿科,齿科
北京,否,公立医院,中国中医科学院西苑医院国际医疗部,心脑血管疾病、血液病、老年病、胃肠疾病、糖尿病,心脑血管疾病、血液病、老年病、胃肠疾病、糖尿病
北京,否,私立医疗机构,北京泓华汇康诊所,全科、中医,全科、中医
上海,否,齿科诊所,上海瑞尔齿科-碧云诊所,齿科,齿科
广州,否,私立医疗机构,卓正医疗淘金医疗中心,儿科、儿保、妇科、全科、眼科、皮肤科,儿科、儿保、妇科、全科、眼科、皮肤科
北京,否,私立医疗机构,北京卓正西红门医疗中心/齿科中心,内科、妇产科、儿科、皮肤科、齿科,内科、妇产科、儿科、皮肤科、齿科
深圳,否,私立医疗机构,环球医生深圳诊所,全科、内科、外科、妇科、理疗康复科、体检、皮肤科、口腔科,全科、内科、外科、妇科、理疗康复科、体检、皮肤科、口腔科
北京,否,私立医疗机构,北京卓正西红门儿童保健中心,儿童保健,儿童保健
北京,否,齿科诊所,北京皓尔国际口腔,齿科,齿科
北京,否,私立医疗机构,北京怡德医院,内分泌科、口腔科,内分泌科、口腔科
苏州,否,私立医疗机构,苏州新世纪儿童医院,新生儿科、小儿内科、小儿外科、耳鼻喉科、儿童保健,新生儿科、小儿内科、小儿外科、耳鼻喉科、儿童保健
北京,否,齿科诊所,瑞尔齿科凯德诊所,齿科,齿科
北京,否,齿科诊所,瑞尔齿科荟聚诊所,齿科,齿科
上海,否,齿科诊所,瑞尔齿科联洋诊所,齿科,齿科
杭州,否,齿科诊所,瑞尔齿科杭州大厦诊所,齿科,齿科
深圳,否,齿科诊所,瑞尔齿科世纪汇诊所,齿科,齿科
深圳,否,齿科诊所,瑞尔齿科振业国际诊所,齿科,齿科
沈阳,否,私立医疗机构,沈阳何氏眼科医院,眼科,眼科
沈阳,否,私立医疗机构,沈阳安联妇婴医院,妇产科、儿科,妇产科、儿科
北京,否,公立医院,北京航天总医院 综合病房,胸外科、普外科、体检,胸外科、普外科、体检
北京,否,私立医疗机构,北京恒和中西医结合医院,妇产科、综合内科、肿瘤科、外科、乳腺外,妇产科、综合内科、肿瘤科、外科、乳腺外
北京,否,私立医疗机构,北京正安天泽中医诊所（官舍店）,中医内科、正骨针灸,中医内科、正骨针灸
北京,否,私立医疗机构,北京北大医院康复医院,各类康复,各类康复
北京,否,私立医疗机构,北京优联眼耳鼻喉医院,"耳科,","耳科,"
北京,否,私立医疗机构,北京圣马克医院,烧伤，骨科,烧伤，骨科
烟台,否,私立医疗机构,绿叶鲍巴斯康复医院,各类康复,各类康复
上海,否,私立医疗机构,嘉会诊所（静安）,全科、儿科、皮肤科、牙科、五官科,全科、儿科、皮肤科、牙科、五官科
成都,否,公立医院,成都市锦江区东大社区卫生服务中心,全科、口腔科、中医科、中西医结合科、儿童保健科、预防保健,全科、口腔科、中医科、中西医结合科、儿童保健科、预防保健
苏州,否,公立医院,苏州市眼视光医院,眼科,眼科
深圳,否,私立医疗机构,深圳广誉远中医馆,中医,中医
广州,否,私立医疗机构,广州诺亚医疗门诊部,儿科，儿保，妇产科，全科，超声中,儿科，儿保，妇产科，全科，超声中
广州,n/a,私立医疗机构,广州爱博恩妇产医院(中山三院国际妇产中心),Gynecology,Gynecology
上海,否,私立医疗机构,铂颂诊所（潘西昂）,眼科 Ophthalmology,眼科 Ophthalmology
杭州,否,私立医疗机构,杭州丁香综合门诊部有限公司,"全科,儿科,","全科,儿科,"
杭州,否,私立医疗机构,杭州丁香泛美医疗门诊部有限公司,"全科,儿科,","全科,儿科,"
上海,否,公立医院,上海美兰湖妇产科医院有限公司  （国际和平妇幼保健院美兰湖分院）,妇产科,妇产科
北京,否,私立医疗机构,北京雅和亚运村妇儿门诊部,妇科、儿科,北京市朝阳区安慧里三区六号楼（北辰购物中心路东）
上海,否,私立医疗机构,上海东羽门诊部,内科、小儿科、外科、骨科、眼科、耳鼻科、妇科、中医科、牙科、康复诊疗科,内科、小儿科、外科、骨科、眼科、耳鼻科、妇科、中医科、牙科、康复诊疗科
上海,否,私立医疗机构,联和医疗门诊部,"家庭医生（全科/内科），皮肤科，妇科，外科，泌尿外科, 心内科，消化内科，中医科，口腔科","家庭医生（全科/内科），皮肤科，妇科，外科，泌尿外科, 心内科，消化内科，中医科，口腔科"
上海,否,私立医疗机构,上海艾儿贝佳妇产科医院,产科、妇科(宫/腹腔镜)、计划生育、生殖健康与不孕不育； ,产科、妇科(宫/腹腔镜)、计划生育、生殖健康与不孕不育； 
杭州,否,公立医院,树兰医院/浙江大学国际医院,感染科，肝胆胰外科，妇科，血液科，泌尿外科，肾内科，乳腺科,感染科，肝胆胰外科，妇科，血液科，泌尿外科，肾内科，乳腺科
深圳,否,私立医疗机构,深圳国药堂中医馆,中医,中医
武汉,否,私立医疗机构,武汉百佳妇产医院,妇产科,妇产科
北京,n/a,私立医疗机构,北京嘉树儿科诊所,儿内科、儿童保健、儿童眼科、儿童耳鼻喉科、儿童口腔科、儿童皮肤科、儿童临床心理科、儿童中医科；internal,儿内科、儿童保健、儿童眼科、儿童耳鼻喉科、儿童口腔科、儿童皮肤科、儿童临床心理科、儿童中医科；internal
济南,否,公立医院,济南市中心医院,烧伤科专、泌尿外科、心血管内科、小儿内科、骨科、妇科，皮肤科，普外科,烧伤科专、泌尿外科、心血管内科、小儿内科、骨科、妇科，皮肤科，普外科
深圳,否,齿科诊所,友睦齿科-深圳福田时代科技门诊,齿科,齿科
深圳,否,齿科诊所,友睦齿科-深圳福田金润门诊,齿科,齿科
深圳,否,齿科诊所,友睦齿科-深圳福田太平金融门诊,齿科,齿科
深圳,否,齿科诊所,友睦齿科-深圳福田友睦佳德门诊,齿科,齿科
深圳,否,齿科诊所,友睦齿科-深圳南山天利门诊,齿科,齿科
深圳,否,齿科诊所,友睦齿科-深圳南山华润城门诊,齿科,齿科
深圳,否,齿科诊所,友睦齿科-深圳罗湖友睦三九门诊,齿科,深圳市罗湖区人民路佳宁娜友谊广场首层、二层
东莞,否,齿科诊所,友睦齿科-东莞友睦丽得门诊,齿科,齿科
成都,否,私立医疗机构,安生美,全科医疗、家庭医疗科,全科医疗、家庭医疗科
杭州,否,公立医院,浙江大学医学院附属第二医院国际医学部,心内科、骨科、眼科、神经内科、神经外科、普外科、烧伤科、肿瘤科、皮肤科、呼吸内科,心内科、骨科、眼科、神经内科、神经外科、普外科、烧伤科、肿瘤科、皮肤科、呼吸内科
南昌,否,私立医疗机构,康瑞家医疗门诊部(环球医生南昌诊所),全科医疗、家庭医疗科、急救治疗 ,江西省南昌市红谷滩新区中寰路一号中寰医院
北京,否,齿科诊所,瑞尔齿科朝阳公园诊所,齿科,齿科
上海,否,私立医疗机构,上海德达医院,预防保健 内科 外科 全科 妇科 儿科 皮肤科 急诊医学科 体外循环,预防保健 内科 外科 全科 妇科 儿科 皮肤科 急诊医学科 体外循环
北京,是,私立医疗机构,北京国际紧急救援中心诊所,全科，妇科，耳鼻喉，儿科，骨科，心理科，牙科,全科，妇科，耳鼻喉，儿科，骨科，心理科，牙科
天津,是,私立医疗机构,天津国际（SOS）紧急救援诊所,全科,天津市河西区紫金山路喜来登饭店公寓楼一层
天津,是,私立医疗机构,天津泰达国际（SOS）紧急救援诊所,全科,全科
成都,否,私立医疗机构,成都里奥诊所,"全科,针灸","全科,针灸"
上海,否,公立医院,上海众益达中医门诊部,中医,中医
深圳,否,私立医疗机构,深圳市云杉医疗管理有限公司云杉门诊部,"消化内镜诊疗、运动医学与康复,、医学影像","消化内镜诊疗、运动医学与康复,、医学影像"
北京,否,私立医疗机构,卓正医疗望京医疗中心,全科、妇产科、儿科,全科、妇产科、儿科
北京,否,齿科诊所,卓正医疗北京望京齿科及儿童保健中心,口腔保健及预防、齿科治疗、儿童保健,口腔保健及预防、齿科治疗、儿童保健
北京,否,私立医疗机构,北京博爱堂中医诊所-望京店,中医妇科,中医妇科
北京,否,齿科诊所,赛德阳光口腔-中央别墅区门诊部,齿科,齿科
北京,否,私立医疗机构,北京崔玉涛育学园儿科诊所,儿科,儿科
青岛,否,齿科诊所,青岛保罗齿科诊所,齿科,齿科
北京,否,私立医疗机构,北京医珍堂诊所,中医内科、中医妇科、中医儿科、中医骨科,中医内科、中医妇科、中医儿科、中医骨科
上海,否,私立医疗机构,嘉尚诊所（杨浦）,全科、儿科、牙科、外科、消化内科、骨科和运动医学,全科、儿科、牙科、外科、消化内科、骨科和运动医学
北京,否,私立医疗机构,北京佳平诊所,"内科,中医科,口腔科","内科,中医科,口腔科"
北京,否,私立医疗机构,北京凤凰联和诊所,家庭医生（全科/内科）　,家庭医生（全科/内科）　
北京,否,私立医疗机构,北京优合诊所,"全科,妇科,儿科,中医科,","全科,妇科,儿科,中医科,"
上海,否,私立医疗机构,臻宝儿科,儿科，儿保,儿科，儿保
上海,否,私立医疗机构,闵宝儿科,儿科，儿保,儿科，儿保
上海,否,私立医疗机构,上海盈健门诊部（暂停营业）,Gynecology妇科、Pediatric儿科、Family,Gynecology妇科、Pediatric儿科、Family
上海,否,私立医疗机构,健高儿科,儿科，儿保,儿科，儿保
杭州,否,公立医院,浙医二院国际医学中心（杭州明州医院）,心血管内科，心脏大血管外科，骨科，神经内科，神经外科，急诊医学科,心血管内科，心脏大血管外科，骨科，神经内科，神经外科，急诊医学科
上海,否,私立医疗机构,优仕美地医疗中心,普外科,普外科
南京,否,公立医院,南京明基医院,儿科、全科、心理门诊、妇产科、中医科等,儿科、全科、心理门诊、妇产科、中医科等
武汉,否,齿科诊所,武汉欢乐固瑞口腔门诊,齿科,齿科
上海,否,公立医院,上海曲阳医院,n/a,n/a
广州,否,私立医疗机构,卓正医疗长隆医疗中心,儿科、儿保、妇科、全科、齿科,儿科、儿保、妇科、全科、齿科
广州,否,私立医疗机构,卓正医疗体育西体检及日间手术中心,体检、儿保、无痛胃肠镜检查、妇科手术等,体检、儿保、无痛胃肠镜检查、妇科手术等
深圳,否,私立医疗机构,卓正医疗前海医疗中心,儿科、儿保、妇科、齿科,儿科、儿保、妇科、齿科
成都,否,私立医疗机构,卓正医疗高新医疗中心,儿科、儿保、妇科、全科、齿科、皮肤科,儿科、儿保、妇科、全科、齿科、皮肤科
上海,否,私立医疗机构,上海应象中医门诊部,中医,中医
上海,否,私立医疗机构,唯儿诺-上海陆家嘴门诊部,儿科、儿童体检、疫苗，儿童眼科，儿童齿科，中医,儿科、儿童体检、疫苗，儿童眼科，儿童齿科，中医
上海,否,私立医疗机构,唯儿诺-上海新天地门诊部,儿科、儿童体检、疫苗，儿童心理科，儿童康复科，放射科，中医,儿科、儿童体检、疫苗，儿童心理科，儿童康复科，放射科，中医
上海,否,私立医疗机构,上海辰新医院,全科医疗、家庭医疗,全科医疗、家庭医疗
无锡,否,私立医疗机构,圣瑞门诊部,儿童常见病门诊、儿童保健咨询、中医、物理治,儿童常见病门诊、儿童保健咨询、中医、物理治
上海,否,体检机构,爱康君安,体检中心,体检中心
上海,否,体检机构,爱康卓悦,体检中心,体检中心
北京,否,私立医疗机构,海医汇望京博雅诊所,全科、内科、儿科、口腔科、妇科,全科、内科、儿科、口腔科、妇科
昆山,否,私立医疗机构,昆山圣草中西医结合门诊部,n/a,n/a
上海,否,私立医疗机构,上海瑞慈瑞铂门诊部,神经内外科，儿科，中医内科，风湿免疫科，消化内科，内分泌,神经内外科，儿科，中医内科，风湿免疫科，消化内科，内分泌
上海,否,私立医疗机构,上海睿医小樱桃门诊部,儿科,儿科
北京,否,私立医疗机构,北京圣宝妇产医院,妇产科、儿科,妇产科、儿科
北京,否,私立医疗机构,北京顾氏优宝儿科诊所,儿科,儿科
长沙,否,公立医院,湖南航天医院,神经科、内分泌科、心胸外科 ，心脑血管疾病,神经科、内分泌科、心胸外科 ，心脑血管疾病
海口,n/a,公立医院,海南省肿瘤医院,腹部外科、神经外科、病理科、介入中心,腹部外科、神经外科、病理科、介入中心
北京,否,私立医疗机构,北京体总弘道运动医学诊所,康复医学科，运动医学科,康复医学科，运动医学科
北京,否,公立医院,北京中医医院杏林苑中医诊疗中心,中医,中医
北京,否,公立医院,北京清华长庚医院*,n/a,n/a
长沙,否,公立医院,湖南中医大学第一附属医院,针灸推拿康复科，疼痛理疗科，肝病科,针灸推拿康复科，疼痛理疗科，肝病科
武汉,否,公立医院,武汉市第三医院,烧伤科，中医老年病科，中医脑病，康复医学科，护理科，消化内科,烧伤科，中医老年病科，中医脑病，康复医学科，护理科，消化内科
北京,否,公立医院,北京华信医院*（清华大学第一附属医院）会诊中心,心脏中心、骨科、儿科,心脏中心、骨科、儿科
北京,否,齿科诊所,北京德倍尔口腔门诊部,齿科,齿科
上海,否,私立医疗机构,上海万达全程健康门诊部,n/a,n/a
北京,n/a,私立医疗机构,北京德视佳眼科,眼科,眼科
南京,否,公立医院,南京医科大学附属逸夫医院体检部*,n/a,n/a
上海,否,公立医院,上海市闵行区中心医院特需门诊部*,n/a,n/a
重庆,否,齿科诊所,重庆美连口腔门诊部,齿科,齿科
沈阳,否,私立医疗机构,东北国际医院,内科,内科
上海,否,私立医疗机构,曜影医疗-歌斐中心门诊部,Family,Family
沈阳,否,私立医疗机构,沈阳德济医院国际部,全科,全科
嘉兴,否,公立医院,嘉兴市第一医院体检部*,n/a,n/a
北京,否,私立医疗机构,海医汇国贸CBD医疗中心,全科、内科、儿科、口腔科、妇科,全科、内科、儿科、口腔科、妇科
杭州,否,公立医院,杭州市妇产科医院,妇科、产科、产前诊断中心、生殖中心、儿童保健,妇科、产科、产前诊断中心、生殖中心、儿童保健
杭州,否,私立医疗机构,杭州仁树医疗门诊部,耳鼻喉科,耳鼻喉科
北京,否,私立医疗机构,北京英智京西康复医院,康复,康复
北京,否,公立医院,河北燕达医院,妇科，产科，儿科，中医科，神经内科，神经外科，心血管内科，普外科,北京东燕郊开发区思菩兰路西侧
北京,否,齿科诊所,佳美口腔祥云诊所,齿科,齿科
青岛,否,公立医院,青岛大学医疗集团慧康医院,内科，妇产科,内科，妇产科
深圳,否,私立医疗机构,港全医疗中心,全科、儿科、皮肤科,全科、儿科、皮肤科
广州,否,私立医疗机构,广州正安康泽中医门诊部,中医,中医
上海,否,齿科诊所,上海缔矢口腔门诊部,齿科,齿科
上海,否,齿科诊所,上海缔浦口腔门诊部,齿科,齿科
上海,否,齿科诊所,上海缔华口腔门诊部,齿科,齿科
上海,否,齿科诊所,上海缔虹口腔门诊部,齿科,齿科
上海,否,齿科诊所,上海缔青口腔门诊部,齿科,齿科
上海,否,体检机构,上海国际旅行医疗保健门诊部*,体检,体检
北京,否,私立医疗机构,北京大族都安诊所,全科，中医科,全科，中医科
郑州,否,公立医院,河南省人民医院国际医疗中心*,心血管内科，神经内科,心血管内科，神经内科
上海,否,私立医疗机构,上海浦滨儿童医院,儿童保健科（发育行为儿科）、呼吸/哮喘、内分泌、皮肤、眼科、口腔、耳鼻咽喉科、外科,儿童保健科（发育行为儿科）、呼吸/哮喘、内分泌、皮肤、眼科、口腔、耳鼻咽喉科、外科
武汉,否,公立医院,湖北省人民医院/武汉大学人民医院,心内科、神经内科、肾内科、耳鼻咽喉头颈外科、胸外科、眼科、精神科、检验科等,心内科、神经内科、肾内科、耳鼻咽喉头颈外科、胸外科、眼科、精神科、检验科等
上海,否,私立医疗机构,上海固生堂万嘉分院,中医内科、中医妇科、中医儿科,中医内科、中医妇科、中医儿科
广州,否,私立医疗机构,广州固生堂淘金分院,中医,中医
广州,否,私立医疗机构,广州固生堂天河北分院,中医,中医
广州,否,私立医疗机构,广州固生堂骏景分院,中医,中医
广州,否,私立医疗机构,广州固生堂东山分院,中医,中医
广州,否,私立医疗机构,广州固生堂东湖分院,中医,中医
广州,否,私立医疗机构,广州固生堂赤岗分院,中医,中医
广州,否,私立医疗机构,广州固生堂海珠分院,中医,中医
广州,否,私立医疗机构,广州固生堂番禺分院,中医,中医
深圳,否,私立医疗机构,深圳固生堂罗湖分院,中医,中医
深圳,否,私立医疗机构,深圳固生堂宝安中医馆,中医,中医
深圳,否,私立医疗机构,深圳固生堂竹子林分院,中医,福田区竹子林四路越众越海家园三楼
深圳,否,私立医疗机构,深圳固生堂竹子林二院,中医,中医
深圳,否,私立医疗机构,深圳固生堂南山分院,中医,中医
广州,否,齿科诊所,广州拜博口腔-成康门诊部,齿科,齿科
广州,否,齿科诊所,广州拜博口腔-协贤门诊部,齿科,齿科
广州,否,齿科诊所,广州拜博口腔-惠尔门诊部,齿科,齿科
广州,否,齿科诊所,广州拜博口腔-健祥门诊部,齿科,齿科
深圳,否,齿科诊所,深圳拜博口腔门诊部 （即科技园店）,齿科,深圳市南山区科技园文化广场三楼
深圳,否,齿科诊所,深圳拜博口腔医疗投资管理有限公司康博口腔诊所（康乐店）,齿科,齿科
深圳,否,齿科诊所,深圳拜博口腔医疗投资管理有限公司建设口腔诊所（建设路店）,齿科,齿科
深圳,否,齿科诊所,深圳拜博海燕口腔门诊部（即国贸店）,齿科,深圳市罗湖区南湖街道嘉宾路国商大厦北座东部商场（二楼）
深圳,否,齿科诊所,深圳拜博拜尔口腔医院 （即口腔医院）,齿科,齿科
深圳,否,齿科诊所,深圳拜博富博口腔门诊部 （即财富店）,齿科,齿科
深圳,否,齿科诊所,深圳拜博喜年口腔门诊部 （即车公庙店）,齿科,齿科
成都,否,私立医疗机构,成都爱尔眼科医院,眼科,眼科
长沙,否,公立医院,长沙市中医医院/长沙市第八医院,骨伤科，针灸推拿康复科，肛肠科,骨伤科，针灸推拿康复科，肛肠科
长沙,否,公立医院,湖南省第二人民医院/湖南省脑科医院,精神科,精神科
烟台,否,私立医疗机构,烟台绿叶爱丽美妇产医院,妇科，产科,妇科，产科
上海,否,私立医疗机构,上海极宝儿科门诊部,儿科，中医，牙科,儿科，中医，牙科
郑州,否,齿科诊所,郑州赛德口腔医院,修复,修复
成都,否,私立医疗机构,成都高新企鹅综合门诊部,内科，口腔,内科，口腔
成都,否,私立医疗机构,成都爱丽美妇产医院,妇产科,妇产科
武汉,否,公立医院,武汉协和医院国际门诊,全科,全科
武汉,否,公立医院,武汉市普仁医院,外科，血液内科,外科，血液内科
广州,否,私立医疗机构,广州新宁门诊,内外科、儿科、妇科、皮肤科、医学检验、预防保健、医学影像,内外科、儿科、妇科、皮肤科、医学检验、预防保健、医学影像
上海,否,私立医疗机构,和生堂,中医内科、妇科、儿科、肿瘤科、皮肤科和针灸科、推拿科、伤骨科,中医内科、妇科、儿科、肿瘤科、皮肤科和针灸科、推拿科、伤骨科
南京,否,私立医疗机构,南京江宁顾泽门诊部,儿科、全科、心理门诊、妇产科、中医科医疗美容科、康复科等,儿科、全科、心理门诊、妇产科、中医科医疗美容科、康复科等
沈阳,否,私立医疗机构,沈阳美德因诊所,全科；,全科；
廊坊,否,私立医疗机构,河北燕达陆道培医院,血液科,河北省廊坊市燕郊开发区思菩兰路西侧
成都,否,私立医疗机构,成都顾连康复医院,康复,成都市成华区雅砻江路 (东客站西广场旁)
北京,否,齿科诊所,浦京口腔门诊,齿科,齿科
北京,否,私立医疗机构,北京企鹅诊所,全科、儿科,全科、儿科
东莞,否,公立医院,康华医院华心楼,心血管内科,心血管内科
深圳,否,私立医疗机构,深圳市大族都安健康管理有限公司泰然门诊部,妇科、泌尿外科、中医妇科、内科,妇科、泌尿外科、中医妇科、内科
杭州,否,公立医院,杭州第七人民医院西溪谷门诊部*,睡眠障碍，心理咨询,睡眠障碍，心理咨询
大连,否,私立医疗机构,大连维特奥国际医院,否,否
北京,否,私立医疗机构,中康美复康复诊所,康复医学科,康复医学科
无锡,否,私立医疗机构,无锡明慈心血管病医院,内科、心内科、心外科、内分泌科、康复科,内科、心内科、心外科、内分泌科、康复科
温州,否,齿科诊所,牙博士温州新城机构,齿科,齿科
温州,否,齿科诊所,温州鹿城牙博士口腔门诊部有限公司,齿科,齿科
上海,否,私立医疗机构,曜影医疗-前滩世贸门诊部,全科、内科、普外科、物理治疗、心理科、儿科、眼科、皮肤医美,全科、内科、普外科、物理治疗、心理科、儿科、眼科、皮肤医美
沈阳,否,公立医院,沈阳积水潭医院,脊柱外科，手外科，矫形科，创伤骨科，烧伤整形科，心内科,脊柱外科，手外科，矫形科，创伤骨科，烧伤整形科，心内科
上海,否,私立医疗机构,嘉会国际医院,肿瘤科、妇女医学、儿科、骨科和运动医学,肿瘤科、妇女医学、儿科、骨科和运动医学
北京,否,私立医疗机构,北京优合复兴门诊所,全科,全科
北京,否,私立医疗机构,北京迦南门诊部,肿瘤科,肿瘤科
烟台,否,公立医院,烟台市口腔医院*,齿科,齿科
烟台,否,公立医院,烟台市口腔医院幸福分院*,齿科,齿科
烟台,否,公立医院,烟台市口腔医院开发区分院*,齿科,齿科
烟台,否,公立医院,烟台市口腔医院烟大分院*,齿科,齿科
烟台,否,公立医院,烟台市口腔医院福山分院*,齿科,齿科
烟台,否,公立医院,烟台市口腔医院卧龙分院*,齿科,齿科
深圳,否,私立医疗机构,唯儿诺-深圳海岸城门诊部,儿科、儿童体检，儿童眼科，儿童齿科，中医,儿科、儿童体检，儿童眼科，儿童齿科，中医
深圳,否,私立医疗机构,唯儿诺-深圳宝安门诊部,儿科、儿童体检，儿童齿科，中医,深圳市宝安区新安街道熙龙湾花园商业办公楼(国际西岸大厦)101B
深圳,否,私立医疗机构,唯儿诺-深圳蛇口门诊部,儿科、儿童体检，儿童齿科，中医,深圳市南山区招商街道工业四路四号八号铺
杭州,否,私立医疗机构,唯儿诺-杭州庆春门诊部,儿科、儿童体检，儿童齿科，中医,儿科、儿童体检，儿童齿科，中医
杭州,否,私立医疗机构,杭州全程健康医疗门诊部,心内科、呼吸内科、消化内科、普外科、肿瘤内科、肿瘤外科、妇科、骨科,心内科、呼吸内科、消化内科、普外科、肿瘤内科、肿瘤外科、妇科、骨科
武汉,否,私立医疗机构,武汉第一口腔医院江大医院,齿科,齿科
深圳,否,齿科诊所,深圳瑞尔诊所-卓悦汇诊所,美容修复、隐形正畸、无痛种植、儿童口腔 Cosmetic Dentistry/Invisalign/,美容修复、隐形正畸、无痛种植、儿童口腔 Cosmetic Dentistry/Invisalign/
深圳,否,齿科诊所,友睦口腔-南山招商局广场门诊,齿科,齿科
深圳,否,齿科诊所,友睦口腔-南山欢乐海岸门诊,齿科,齿科
深圳,否,齿科诊所,友睦口腔-福田华强北门诊,齿科,齿科
广州,否,齿科诊所,友睦口腔-广州侨鑫国际门诊,齿科,齿科
上海,否,公立医院,复旦大学附属肿瘤医院质子重离子医院*,肿瘤科,肿瘤科
成都,否,私立医疗机构,成都百汇馨康,全科，心内科,全科，心内科
北京,否,私立医疗机构,北京凤凰联和温榆门诊部,家庭医生（全科/内科),北京市顺义区天竺镇丽来花园一区一号（温榆广场）L1-11
北京,否,私立医疗机构,北京凤凰联和银峰诊所,家庭医生（全科/内科),家庭医生（全科/内科)
北京,否,公立医院,北京市回民医院*,眼科、心血管科、脑病科,眼科、心血管科、脑病科
南昌,n/a,公立医院,南昌市第一医院,n/a,n/a
南昌,n/a,齿科诊所,南昌瑞尔口腔门诊,n/a,n/a
南昌,n/a,私立医疗机构,南昌三溪堂国医馆,n/a,n/a
北京,否,公立医院,北京协和医院西单院区国际医疗部,"内分泌，乳腺外科，免疫内科,肿瘤内科","内分泌，乳腺外科，免疫内科,肿瘤内科"
上海,否,私立医疗机构,君和堂中医门诊,儿科、妇科、肿瘤科、针推科、内科,儿科、妇科、肿瘤科、针推科、内科
上海,否,私立医疗机构,上海百佳妇产医院,妇产科,妇产科
北京,否,齿科诊所,北京佳美口腔紫竹院诊所,齿科,齿科
北京,否,齿科诊所,北京佳美口腔永定路诊所,齿科,齿科
北京,否,齿科诊所,北京佳美口腔新中街丽德诊所,齿科,齿科
北京,否,齿科诊所,北京佳美口腔望京东路诊所,齿科,齿科
北京,否,齿科诊所,北京佳美口腔三源里诊所,齿科,齿科
北京,否,齿科诊所,北京佳美口腔潘家园诊所,齿科,齿科
北京,否,齿科诊所,北京佳美口腔酒仙桥诊所,齿科,齿科
北京,否,齿科诊所,北京佳美口腔劲松诊所,齿科,齿科
北京,否,齿科诊所,北京佳美口腔金泰桥诊所,齿科,齿科
北京,否,齿科诊所,北京佳美口腔海淀桥诊所,齿科,齿科
北京,否,齿科诊所,北京佳美口腔广渠路诊所,齿科,齿科
北京,否,齿科诊所,北京佳美口腔阜外诊所,齿科,齿科
北京,否,齿科诊所,北京佳美口腔成府路诊所,齿科,齿科
宁波,否,公立医院, 宁波市北仑区人民医院,神经内科、心血管内科,神经内科、心血管内科
杭州,否,公立医院,浙大一院国际医疗门诊部,感染科、血液病科、肾脏病科、消化内科、呼吸内科,感染科、血液病科、肾脏病科、消化内科、呼吸内科
苏州,否,齿科诊所,牙博士湖东机构,n/a,n/a
常熟,否,齿科诊所,牙博士常熟机构,n/a,n/a
昆山,否,齿科诊所,牙博士昆山城区机构,n/a,n/a
无锡,否,私立医疗机构,无锡百佳妇产医院,儿科、妇产科、超声科,儿科、妇产科、超声科
北京,否,齿科诊所,北京拜博融科口腔门诊部,齿科,齿科
广州,否,私立医疗机构,广州卓智诊所,儿科、妇产科、心血管科、中医科,广州市天河区花城大道优托邦东翼二层
深圳,否,私立医疗机构,企鹅杏仁医生深圳诊所,全科、妇科、皮肤科、儿科、内科、中医、日间手术,全科、妇科、皮肤科、儿科、内科、中医、日间手术
广州,否,私立医疗机构,企鹅杏仁医生广州诊所,全科、妇科、皮肤科、儿科、内科、中医、日间手术,全科、妇科、皮肤科、儿科、内科、中医、日间手术
北京,否,私立医疗机构,北京新世纪怡德朝外诊所,"儿内科、儿外科、妇科、儿/成人耳鼻喉、儿/成人皮肤科、小儿呼吸过敏科、儿/成人中医、成人心内科、成人内科、健康体检、儿童精神心理科、儿童保健科 Pediatrics,Pediatric surgical,Gynecology,Pediatric/Adult Otology,Pediatric/Adult dermatology,Pediatric respiratory（Anaphylaxis）,Pediatric/Adult TCM、Pediatric/Adult stomatology、Healthy checkup、Pediatric/Adult Psychopsychology 、Child health care","儿内科、儿外科、妇科、儿/成人耳鼻喉、儿/成人皮肤科、小儿呼吸过敏科、儿/成人中医、成人心内科、成人内科、健康体检、儿童精神心理科、儿童保健科 Pediatrics,Pediatric surgical,Gynecology,Pediatric/Adult Otology,Pediatric/Adult dermatology,Pediatric respiratory（Anaphylaxis）,Pediatric/Adult TCM、Pediatric/Adult stomatology、Healthy checkup、Pediatric/Adult Psychopsychology 、Child health care"
北京,否,私立医疗机构,北京新世纪奥东门诊部,妇科、产科、中医科、成人内科、儿科、保健科、耳鼻喉、眼科、皮科、小儿外科、小儿呼吸科,妇科、产科、中医科、成人内科、儿科、保健科、耳鼻喉、眼科、皮科、小儿外科、小儿呼吸科
青岛,否,私立医疗机构,青岛新世纪妇儿医院有限公司,妇科、产科、儿科,妇科、产科、儿科
长沙,否,齿科诊所,瑞泰科尔雅口腔医院总院,齿科,齿科
长沙,否,齿科诊所,瑞泰科尔雅口腔医院昊天VIP门诊部,齿科,齿科
长沙,否,齿科诊所,瑞泰科尔雅口腔医院西奥VIP门诊部,齿科,齿科
北京,否,齿科诊所,瑞尔齿科双井一轻大厦诊所,齿科,齿科
北京,否,私立医疗机构,北京济爱通惠诊所,胃肠镜,胃肠镜
北京,否,私立医疗机构,北京优和维尔门诊部,n/a,n/a
北京,否,私立医疗机构,北京霍普医院,甲状腺核医学科 Thyroid nuclear medicine,甲状腺核医学科 Thyroid nuclear medicine
上海,否,私立医疗机构,上海睿臻迈医疗中心,内科、中医科、心内专科、骨科专科、妇科专科、皮肤科 Cardiology Medicine Family Medicine Orthopedic Medicine Gynecology,内科、中医科、心内专科、骨科专科、妇科专科、皮肤科 Cardiology Medicine Family Medicine Orthopedic Medicine Gynecology
镇江,否,公立医院,镇江市第一人民医院*,n/a,n/a
上海,否,公立医院,上海市第十人民医院*,n/a,n/a
北京,否,公立医疗机构,中国医学科学院阜外医院特需门诊*（2号楼，近医院东门）,心内科，心外科,心内科，心外科
上海,否,公立医院,复旦大学附属儿科医院 -- 枫林路院区*,神经内科、肾脏内科、康复中心、血液肿瘤中心、心血管中心 ,神经内科、肾脏内科、康复中心、血液肿瘤中心、心血管中心 
上海,否,公立医院,复旦大学附属眼耳鼻喉科医院  --  汾阳路*, 眼科、五官科 , 眼科、五官科 
上海,否,公立医院,复旦大学附属眼耳鼻喉科医院 --  宝庆路*,眼科、五官科 ,眼科、五官科 
上海,否,公立医院,复旦大学附属肿瘤医院*,大肠外科、放射治疗科、胃及软组织外科、胰腺肝胆外科 ,大肠外科、放射治疗科、胃及软组织外科、胰腺肝胆外科 
上海,否,公立医院,上海交通大学医学院附属第九人民医院*,口腔、骨科,口腔、骨科
上海,否,公立医院,上海交通大学医学院附属仁济医院 -- 东院*,消化科、心内科、血液科、风湿病科,消化科、心内科、血液科、风湿病科
上海,否,公立医院,上海交通大学医学院附属仁济医院 -- 西院*,消化科、心内科、血液科、风湿病科,消化科、心内科、血液科、风湿病科
上海,否,公立医院,上海交通大学医学院附属新华医院*,儿科、心血管内科、骨科 ,儿科、心血管内科、骨科 
上海,否,公立医院,上海市第十人民医院 同济大学附属第十人民医院*, 眼科 , 眼科 
上海,否,公立医院,上海市肺科医院*,胸外科、肿瘤科、呼吸科、结核科 ,胸外科、肿瘤科、呼吸科、结核科 
上海,否,公立医院,上海市胸科医院*,胸外科、心血管病 ,胸外科、心血管病 
上海,否,公立医院,上海长海医院*,消化内科、胸心外科、泌尿外科、烧伤外科,消化内科、胸心外科、泌尿外科、烧伤外科
上海,否,公立医院,上海长征医院*,骨科、普外科、消化内科、胸心外科,骨科、普外科、消化内科、胸心外科
上海,否,公立医院,岳阳中西医结合医院 -- 甘河路*,中医妇科、康复科、针灸科、痛风 ,中医妇科、康复科、针灸科、痛风 
上海,否,公立医院,岳阳中西医结合医院 -- 青海路*,中医妇科、康复科、针灸科、痛风 ,中医妇科、康复科、针灸科、痛风 
上海,否,公立医院,中山医院*,呼吸科、普外科、心外科、胸外科,呼吸科、普外科、心外科、胸外科
上海,否,公立医院,上海市第一妇婴保健院特需部*, 妇产科、新生儿科 , 妇产科、新生儿科 
苏州,否,公立医院,苏州大学附属第一医院国际门诊*,血液科、骨外科 ,血液科、骨外科 
苏州,否,公立医院,苏州市立医院特需部*,消化科、产科、新生儿疾病筛查、儿童保健科,消化科、产科、新生儿疾病筛查、儿童保健科
无锡,否,私立医疗机构,无锡凤凰医院*,全科医疗 ,全科医疗 
厦门,否,私立医疗机构,厦门长庚医院*,唇腭裂、乳癌 ,唇腭裂、乳癌 
昆山,否,公立医院,昆山市第一人民医院绿卡门诊*,心血管内科、脑外科、肾内科、手外科、妇产科,心血管内科、脑外科、肾内科、手外科、妇产科
成都,否,公立医院,四川大学华西医院*,呼吸科、泌尿外科、内分泌科、神经内科、胸外科  ,呼吸科、泌尿外科、内分泌科、神经内科、胸外科  
重庆,否,公立医院,陆军军医大第一附属医院（重庆西南医院）*,烧伤科，骨科，神经外科,烧伤科，骨科，神经外科
